Metric,Mean,Std
Accuracy,0.6865575396825397,0.02366513344309122
F1,0.6740994897341488,0.034962691879885065
ROC-AUC,0.7607118310117302,0.031168913454391153
