Likelihood Ratio Statistic,Degrees of Freedom,p-value,Pseudo R2
53.14575060286114,5,3.1393916158588435e-10,0.12018495736480628
