Variable,Chi2,p-value,Degrees of Freedom
Gender,6.913225496117797,0.008556050841276665,1
Hyperlipidemia,6.418897945771436,0.011291220958677241,1
Diabetes Mellitus (DM),2.909944432623684,0.08803490786132205,1
Coronary Artery Disease (CAD),2.0683324116954136,0.15038587800962008,1
Comorbidity,2.986760295516056,0.3936709859495994,3
